{"hyperparams": {"activation": "relu", "convo_type": "gin", "learning_rate": 0.0001, "num_layers": 1, "optimizer": "Adam", "probability": 0.3, "regularization": "DropOut", "units": 64}, "test_loss": 13.015110969543457, "test_MAE": 3.0008368492126465, "training_history": {"loss": [14.096929550170898], "MAE": [2.687376022338867], "val_loss": [12.618369102478027], "val_MAE": [2.9453787803649902]}, "train_loss": 14.096929550170898, "val_loss": 12.618369102478027}