{"hyperparams": {"activation": "relu", "convo_type": "gin", "learning_rate": 0.0001, "num_layers": 1, "optimizer": "Adam", "probability": 0.3, "regularization": "DropOut", "units": 64}, "test_loss": 22.310806274414062, "test_MAE": 4.222349643707275, "training_history": {"loss": [23.31801986694336], "MAE": [3.3147380352020264], "val_loss": [22.306556701660156], "val_MAE": [4.216876983642578]}, "train_loss": 23.31801986694336, "val_loss": 22.306556701660156}