{"hyperparams": {"activation": "relu", "convo_type": "gin", "learning_rate": 0.0001, "num_layers": 1, "optimizer": "Adam", "probability": 0.3, "regularization": "DropOut", "units": 64}, "test_loss": 8.418072700500488, "test_MAE": 2.2800447940826416, "training_history": {"loss": [9.203400611877441], "MAE": [2.715789556503296], "val_loss": [8.632211685180664], "val_MAE": [2.33059024810791]}, "train_loss": 9.203400611877441, "val_loss": 8.632211685180664}