{"hyperparams": {"activation": "relu", "convo_type": "gin", "learning_rate": 0.0001, "num_layers": 1, "optimizer": "Adam", "probability": 0.3, "regularization": "DropOut", "units": 32}, "test_loss": 39.828731536865234, "test_MAE": 5.933047771453857, "training_history": {"loss": [42.0640869140625], "MAE": [6.103526592254639], "val_loss": [39.97602844238281], "val_MAE": [5.943297386169434]}, "train_loss": 42.0640869140625, "val_loss": 39.97602844238281}