{"hyperparams": {"activation": "relu", "convo_type": "gin", "learning_rate": 0.0001, "num_layers": 1, "optimizer": "Adam", "probability": 0.3, "regularization": "DropOut", "units": 32}, "test_loss": 8.045882225036621, "test_MAE": 2.2142436504364014, "training_history": {"loss": [8.347949981689453], "MAE": [2.1715164184570312], "val_loss": [8.310615539550781], "val_MAE": [2.2581143379211426]}, "train_loss": 8.347949981689453, "val_loss": 8.310615539550781}