{"hyperparams": {"activation": "relu", "convo_type": "gin", "learning_rate": 0.0001, "num_layers": 1, "optimizer": "Adam", "probability": 0.3, "regularization": "DropOut", "units": 32}, "test_loss": 7.10040283203125, "test_MAE": 2.069659471511841, "training_history": {"loss": [7.566830158233643], "MAE": [4.038137435913086], "val_loss": [7.389407157897949], "val_MAE": [2.1073014736175537]}, "train_loss": 7.566830158233643, "val_loss": 7.389407157897949}