{"hyperparams": {"activation": "relu", "convo_type": "gcn", "learning_rate": 0.0001, "num_layers": 1, "optimizer": "Adam", "probability": 0.7, "regularization": "DropOut", "units": 32}, "test_loss": 0.3501493036746979, "test_auc": 0.5, "test_bin_accuracy": 0.9683929085731506, "test_precision": 0.0, "test_recall": 0.0, "training_history": {"loss": [0.5552188158035278], "auc": [0.534822940826416], "bin_accuracy": [0.9666909575462341], "precision": [0.0625], "recall": [0.003846153849735856], "val_loss": [0.35081109404563904], "val_auc": [0.5], "val_bin_accuracy": [0.9683929085731506], "val_precision": [0.0], "val_recall": [0.0]}, "train_loss": 0.5552188158035278, "val_loss": 0.35081109404563904, "test_rocauc": 0.5326734776646904}