{"hyperparams": {"activation": "relu", "convo_type": "gcn", "learning_rate": 0.0001, "num_layers": 1, "optimizer": "Adam", "probability": 0.7, "regularization": "DropOut", "units": 32}, "test_loss": 0.24568766355514526, "test_auc": 0.5, "test_bin_accuracy": 0.9683929085731506, "test_precision": 0.0, "test_recall": 0.0, "training_history": {"loss": [0.3919544816017151], "auc": [0.4957284927368164], "bin_accuracy": [0.9675419330596924], "precision": [0.0], "recall": [0.0], "val_loss": [0.24300554394721985], "val_auc": [0.5], "val_bin_accuracy": [0.9683929085731506], "val_precision": [0.0], "val_recall": [0.0]}, "train_loss": 0.3919544816017151, "val_loss": 0.24300554394721985, "test_rocauc": 0.5130303791112227}