{"hyperparams": {"activation": "relu", "convo_type": "gcn", "learning_rate": 0.0001, "num_layers": 1, "optimizer": "Adam", "probability": 0.7, "regularization": "DropOut", "units": 32}, "test_loss": 0.46588003635406494, "test_auc": 0.49887019395828247, "test_bin_accuracy": 0.9683929085731506, "test_precision": 0.0, "test_recall": 0.0, "training_history": {"loss": [0.7993006110191345], "auc": [0.5243930220603943], "bin_accuracy": [0.8391684889793396], "precision": [0.04995766282081604], "recall": [0.22692307829856873], "val_loss": [0.4643012285232544], "val_auc": [0.502219021320343], "val_bin_accuracy": [0.9683929085731506], "val_precision": [0.0], "val_recall": [0.0]}, "train_loss": 0.7993006110191345, "val_loss": 0.4643012285232544, "test_rocauc": 0.46424805423047955}