{"hyperparams": {"activation": "relu", "convo_type": "gcn", "learning_rate": 0.0001, "num_layers": 1, "optimizer": "Adam", "probability": 0.5, "regularization": "DropOut", "units": 64}, "test_loss": 0.25937047600746155, "test_auc": 0.499874472618103, "test_bin_accuracy": 0.9683929085731506, "test_precision": 0.0, "test_recall": 0.0, "training_history": {"loss": [0.7620116472244263], "auc": [0.5318418145179749], "bin_accuracy": [0.8305373191833496], "precision": [0.04639999940991402], "recall": [0.2230769246816635], "val_loss": [0.2589923143386841], "val_auc": [0.499874472618103], "val_bin_accuracy": [0.9683929085731506], "val_precision": [0.0], "val_recall": [0.0]}, "train_loss": 0.7620116472244263, "val_loss": 0.2589923143386841, "test_rocauc": 0.543724289769984}