{"hyperparams": {"activation": "relu", "convo_type": "gin", "learning_rate": 0.0001, "num_layers": 1, "optimizer": "Adam", "probability": 0.3, "regularization": "DropOut", "units": 64}, "test_loss": 0.06782722473144531, "test_acc": [0.9832088947296143, 0.0, 0.0], "test_ap": 0.027923543562693883, "training_history": {"loss": [0.13258293271064758], "binary_accuracy": [0.9682246446609497], "precision_1": [0.018884429708123207], "recall_1": [0.01751384511590004], "val_loss": [0.06789343804121017], "val_binary_accuracy": [0.9832088947296143], "val_precision_1": [0.0], "val_recall_1": [0.0]}, "train_loss": 0.13258293271064758, "val_loss": 0.06789343804121017}