{"hyperparams": {"activation": "relu", "convo_type": "gin", "learning_rate": 0.0001, "num_layers": 1, "optimizer": "Adam", "probability": 0.3, "regularization": "DropOut", "units": 64}, "test_loss": 0.06799937784671783, "test_binary_accuracy": 0.9832088947296143, "test_precision": 0.0, "test_recall": 0.0, "test_ap": 0.026495968761574777, "training_history": {"loss": [0.1321171671152115], "binary_accuracy": [0.9764891266822815], "precision": [0.012483079917728901], "recall": [0.005123637616634369], "val_loss": [0.06793274730443954], "val_binary_accuracy": [0.9832088947296143], "val_precision": [0.0], "val_recall": [0.0]}, "train_loss": 0.1321171671152115, "val_loss": 0.06793274730443954}