{"hyperparams": {"activation": "relu", "convo_type": "gin", "learning_rate": 0.0001, "num_layers": 1, "optimizer": "Adam", "probability": 0.3, "regularization": "DropOut", "units": 64}, "test_loss": 0.06806295365095139, "test_acc": [0.9832088947296143, 0.0, 0.0], "test_ap": 0.02638698545134556, "training_history": {"loss": [0.132263645529747], "binary_accuracy": [0.977160632610321], "precision_1": [0.01798442378640175], "recall_1": [0.00671981368213892], "val_loss": [0.06808523088693619], "val_binary_accuracy": [0.9832088947296143], "val_precision_1": [0.0], "val_recall_1": [0.0]}, "train_loss": 0.132263645529747, "val_loss": 0.06808523088693619}