{"hyperparams": {"activation": "relu", "convo_type": "gin", "learning_rate": 0.0001, "num_layers": 1, "optimizer": "Adam", "probability": 0.3, "regularization": "DropOut", "units": 64}, "test_loss": 0.06778352707624435, "test_acc": [0.9832088947296143, 0.0, 0.0], "test_ap": 0.02808495928931026, "training_history": {"loss": [0.1315966099500656], "binary_accuracy": [0.9774594902992249], "precision_1": [0.03142498433589935], "recall_1": [0.011481886729598045], "val_loss": [0.0677550807595253], "val_binary_accuracy": [0.9832088947296143], "val_precision_1": [0.0], "val_recall_1": [0.0]}, "train_loss": 0.1315966099500656, "val_loss": 0.0677550807595253}