{"hyperparams": {"activation": "relu", "convo_type": "gin", "learning_rate": 0.0001, "num_layers": 1, "optimizer": "Adam", "probability": 0.3, "regularization": "DropOut", "units": 64}, "test_loss": 0.06801494210958481, "test_bin_accuracy": 0.9831899404525757, "test_precision": 0.0, "test_recall": 0.0, "test_ap": 0.026932255044780043, "training_history": {"loss": [0.13460606336593628], "bin_accuracy": [0.9757459163665771], "precision": [0.01867980696260929], "recall": [0.008624643087387085], "val_loss": [0.0679866373538971], "val_bin_accuracy": [0.9831899404525757], "val_precision": [0.0], "val_recall": [0.0]}, "train_loss": 0.13460606336593628, "val_loss": 0.0679866373538971}