{"hyperparams": {"activation": "relu", "convo_type": "gin", "learning_rate": 0.0001, "num_layers": 1, "optimizer": "Adam", "probability": 0.3, "regularization": "DropOut", "units": 64}, "test_loss": 0.06791126728057861, "test_bin_accuracy": 0.9832088947296143, "test_precision": 0.0, "test_recall": 0.0, "test_ap": 0.027589878132062293, "training_history": {"loss": [0.12505273520946503], "bin_accuracy": [0.9767897129058838], "precision": [0.02496219426393509], "recall": [0.010044446215033531], "val_loss": [0.06788365542888641], "val_bin_accuracy": [0.9832088947296143], "val_precision": [0.0], "val_recall": [0.0]}, "train_loss": 0.12505273520946503, "val_loss": 0.06788365542888641}