{"hyperparams": {"activation": "relu", "convo_type": "gin", "learning_rate": 0.0001, "num_layers": 1, "optimizer": "Adam", "probability": 0.3, "regularization": "DropOut", "units": 64}, "test_loss": 0.0678379088640213, "test_bin_accuracy": 0.9832088947296143, "test_precision": 0.0, "test_recall": 0.0, "test_ap": 0.02782170492612487, "training_history": {"loss": [0.13195818662643433], "bin_accuracy": [0.9770355224609375], "precision": [0.027730578556656837], "recall": [0.01079403143376112], "val_loss": [0.06781554967164993], "val_bin_accuracy": [0.9832088947296143], "val_precision": [0.0], "val_recall": [0.0]}, "train_loss": 0.13195818662643433, "val_loss": 0.06781554967164993}