{"hyperparams": {"activation": "relu", "convo_type": "gin", "learning_rate": 0.0001, "num_layers": 1, "optimizer": "Adam", "probability": 0.3, "regularization": "DropOut", "units": 64}, "test_loss": 0.06777988374233246, "test_binary_accuracy": 0.9832088947296143, "test_precision": 0.0, "test_recall": 0.0, "test_ap": 0.027516367482807176, "training_history": {"loss": [0.1270635575056076], "binary_accuracy": [0.9779329895973206], "precision": [0.024857310578227043], "recall": [0.008218985050916672], "val_loss": [0.06773674488067627], "val_binary_accuracy": [0.9832088947296143], "val_precision": [0.0], "val_recall": [0.0]}, "train_loss": 0.1270635575056076, "val_loss": 0.06773674488067627}