{"hyperparams": {"activation": "relu", "convo_type": "gin", "learning_rate": 0.0001, "num_layers": 1, "optimizer": "Adam", "probability": 0.3, "regularization": "DropOut", "units": 64}, "test_loss": 0.06779678165912628, "test_binary_accuracy": 0.9832088947296143, "test_precision": 0.0, "test_recall": 0.0, "test_ap": 0.02762920322362115, "training_history": {"loss": [0.1276121288537979], "binary_accuracy": [0.9763921499252319], "precision": [0.02680700644850731], "recall": [0.011499524116516113], "val_loss": [0.0677863359451294], "val_binary_accuracy": [0.9832088947296143], "val_precision": [0.0], "val_recall": [0.0]}, "train_loss": 0.1276121288537979, "val_loss": 0.0677863359451294}