{"hyperparams": {"activation": "relu", "convo_type": "gcn", "learning_rate": 0.0001, "num_layers": 1, "optimizer": "Adam", "probability": 0.5, "regularization": "NodeSampling", "units": 64}, "test_loss": 0.17446540296077728, "test_auc": 0.5, "test_bin_accuracy": 0.9683929085731506, "test_precision": 0.0, "test_recall": 0.0, "training_history": {"loss": [0.30968037247657776], "auc": [0.5007554292678833], "bin_accuracy": [0.9682713150978088], "precision": [0.0], "recall": [0.0], "val_loss": [0.17760422825813293], "val_auc": [0.5], "val_bin_accuracy": [0.9683929085731506], "val_precision": [0.0], "val_recall": [0.0]}, "train_loss": 0.30968037247657776, "val_loss": 0.17760422825813293, "test_rocauc": 0.5079858629946503}