{"hyperparams": {"activation": "relu", "convo_type": "gcn", "learning_rate": 0.0001, "num_layers": 1, "optimizer": "Adam", "probability": 0.5, "regularization": "DropEdge", "units": 32}, "test_loss": 0.26693883538246155, "test_auc": 0.5, "test_bin_accuracy": 0.9683929085731506, "test_precision": 0.0, "test_recall": 0.0, "training_history": {"loss": [0.608242928981781], "auc": [0.5421959757804871], "bin_accuracy": [0.8988572955131531], "precision": [0.05999999865889549], "recall": [0.15000000596046448], "val_loss": [0.26708629727363586], "val_auc": [0.5], "val_bin_accuracy": [0.9683929085731506], "val_precision": [0.0], "val_recall": [0.0]}, "train_loss": 0.608242928981781, "val_loss": 0.26708629727363586, "test_rocauc": 0.6137777863612661}