{"hyperparams": {"activation": "relu", "convo_type": "gcn", "learning_rate": 0.0001, "num_layers": 1, "optimizer": "Adam", "probability": 0.5, "regularization": "DropOut", "units": 32}, "test_loss": 0.5044860243797302, "test_auc": 0.4992468059062958, "test_bin_accuracy": 0.9683929085731506, "test_precision": 0.0, "test_recall": 0.0, "training_history": {"loss": [0.834064781665802], "auc": [0.5220646858215332], "bin_accuracy": [0.830172598361969], "precision": [0.046288907527923584], "recall": [0.2230769246816635], "val_loss": [0.5039570331573486], "val_auc": [0.4991212785243988], "val_bin_accuracy": [0.9683929085731506], "val_precision": [0.0], "val_recall": [0.0]}, "train_loss": 0.834064781665802, "val_loss": 0.5039570331573486, "test_rocauc": 0.45552830297997254}