{"hyperparams": {"activation": "relu", "convo_type": "gcn", "learning_rate": 0.0001, "num_layers": 1, "optimizer": "Adam", "probability": 0.5, "regularization": "DropOut", "units": 32}, "test_loss": 0.4498571753501892, "test_auc": 0.4979914724826813, "test_bin_accuracy": 0.9683929085731506, "test_precision": 0.0, "test_recall": 0.0, "training_history": {"loss": [0.9827340245246887], "auc": [0.514555811882019], "bin_accuracy": [0.7637977004051208], "precision": [0.038398243486881256], "recall": [0.26923078298568726], "val_loss": [0.44613468647003174], "val_auc": [0.4983680546283722], "val_bin_accuracy": [0.9683929085731506], "val_precision": [0.0], "val_recall": [0.0]}, "train_loss": 0.9827340245246887, "val_loss": 0.44613468647003174, "test_rocauc": 0.5167017516753897}