{"hyperparams": {"activation": "relu", "convo_type": "gin", "learning_rate": 0.0001, "num_layers": 1, "optimizer": "Adam", "probability": 0.3, "regularization": "NodeSampling", "units": 32}, "test_loss": 0.06949393451213837, "test_bin_accuracy": 0.9832088947296143, "test_precision": 0.0, "test_recall": 0.0, "test_ap": 0.026134505577397604, "training_history": {"loss": [0.16188159584999084], "bin_accuracy": [0.9768086671829224], "precision": [0.017998527735471725], "recall": [0.007116653025150299], "val_loss": [0.06953493505716324], "val_bin_accuracy": [0.9832088947296143], "val_precision": [0.0], "val_recall": [0.0]}, "train_loss": 0.16188159584999084, "val_loss": 0.06953493505716324}