{"hyperparams": {"activation": "relu", "convo_type": "gin", "learning_rate": 0.0001, "num_layers": 1, "optimizer": "Adam", "probability": 0.3, "regularization": "NodeSampling", "units": 32}, "test_loss": 0.06926801055669785, "test_bin_accuracy": 0.9832088947296143, "test_precision": 0.0, "test_recall": 0.0, "test_ap": 0.02680405137466619, "training_history": {"loss": [0.17109884321689606], "bin_accuracy": [0.971900463104248], "precision": [0.018036553636193275], "recall": [0.012601855210959911], "val_loss": [0.06943085789680481], "val_bin_accuracy": [0.9832088947296143], "val_precision": [0.0], "val_recall": [0.0]}, "train_loss": 0.17109884321689606, "val_loss": 0.06943085789680481}