{"hyperparams": {"activation": "relu", "convo_type": "gin", "learning_rate": 0.0001, "num_layers": 1, "optimizer": "Adam", "probability": 0.3, "regularization": "NodeSampling", "units": 32}, "test_loss": 0.06969932466745377, "test_acc": [0.9832088947296143, 0.0, 0.0], "test_ap": 0.025874978474671694, "training_history": {"loss": [0.1792789250612259], "binary_accuracy": [0.9689281582832336], "precision_1": [0.014419930055737495], "recall_1": [0.012628311291337013], "val_loss": [0.06969607621431351], "val_binary_accuracy": [0.9832088947296143], "val_precision_1": [0.0], "val_recall_1": [0.0]}, "train_loss": 0.1792789250612259, "val_loss": 0.06969607621431351}