{"hyperparams": {"activation": "relu", "convo_type": "gin", "learning_rate": 0.0001, "num_layers": 1, "optimizer": "Adam", "probability": 0.3, "regularization": "NodeSampling", "units": 32}, "test_loss": 0.06966101378202438, "test_binary_accuracy": 0.9832088947296143, "test_precision": 0.0, "test_recall": 0.0, "test_ap": 0.025422852807665618, "training_history": {"loss": [0.1749553084373474], "binary_accuracy": [0.9745796918869019], "precision": [0.03464081510901451], "recall": [0.019127659499645233], "val_loss": [0.06950414925813675], "val_binary_accuracy": [0.9832088947296143], "val_precision": [0.0], "val_recall": [0.0]}, "train_loss": 0.1749553084373474, "val_loss": 0.06950414925813675}