{"hyperparams": {"activation": "relu", "convo_type": "gin", "learning_rate": 0.0001, "num_layers": 1, "optimizer": "Adam", "probability": 0.3, "regularization": "NodeSampling", "units": 32}, "test_loss": 0.06955713033676147, "test_acc": [0.9832088947296143, 0.0, 0.0], "test_ap": 0.025826680964193126, "training_history": {"loss": [0.17824102938175201], "binary_accuracy": [0.9695644378662109], "precision_1": [0.01007018331438303], "recall_1": [0.008351264521479607], "val_loss": [0.06959350407123566], "val_binary_accuracy": [0.9832088947296143], "val_precision_1": [0.0], "val_recall_1": [0.0]}, "train_loss": 0.17824102938175201, "val_loss": 0.06959350407123566}