{"hyperparams": {"activation": "relu", "convo_type": "gin", "learning_rate": 0.0001, "num_layers": 1, "optimizer": "Adam", "probability": 0.3, "regularization": "NodeSampling", "units": 32}, "test_loss": 0.06941762566566467, "test_binary_accuracy": 0.9832088947296143, "test_precision": 0.0, "test_recall": 0.0, "test_ap": 0.026803942287794386, "training_history": {"loss": [0.1992032825946808], "binary_accuracy": [0.9675204157829285], "precision": [0.01871536299586296], "recall": [0.018166424706578255], "val_loss": [0.06936369836330414], "val_binary_accuracy": [0.9832088947296143], "val_precision": [0.0], "val_recall": [0.0]}, "train_loss": 0.1992032825946808, "val_loss": 0.06936369836330414}