{"hyperparams": {"activation": "relu", "convo_type": "gin", "learning_rate": 0.0001, "num_layers": 1, "optimizer": "Adam", "probability": 0.3, "regularization": "NodeSampling", "units": 32}, "test_loss": 0.06984670460224152, "test_binary_accuracy": 0.9832088947296143, "test_precision": 0.0, "test_recall": 0.0, "test_ap": 0.025541352822753795, "training_history": {"loss": [0.16580474376678467], "binary_accuracy": [0.9707682728767395], "precision": [0.00929819606244564], "recall": [0.007019647862762213], "val_loss": [0.06989457458257675], "val_binary_accuracy": [0.9832088947296143], "val_precision": [0.0], "val_recall": [0.0]}, "train_loss": 0.16580474376678467, "val_loss": 0.06989457458257675}