{"hyperparams": {"activation": "relu", "convo_type": "gin", "learning_rate": 0.0001, "num_layers": 1, "optimizer": "Adam", "probability": 0.3, "regularization": "NodeSampling", "units": 32}, "test_loss": 0.06977058202028275, "test_acc": [0.9832088947296143, 0.0, 0.0], "test_ap": 0.025471538510339203, "training_history": {"loss": [0.16462931036949158], "binary_accuracy": [0.9718180894851685], "precision_1": [0.01726950891315937], "recall_1": [0.012134467251598835], "val_loss": [0.06986000388860703], "val_binary_accuracy": [0.9832088947296143], "val_precision_1": [0.0], "val_recall_1": [0.0]}, "train_loss": 0.16462931036949158, "val_loss": 0.06986000388860703}