{"hyperparams": {"activation": "relu", "convo_type": "gin", "learning_rate": 0.0001, "num_layers": 1, "optimizer": "Adam", "probability": 0.3, "regularization": "NodeSampling", "units": 32}, "test_loss": 0.06988891214132309, "test_bin_accuracy": 0.9832088947296143, "test_precision": 0.0, "test_recall": 0.0, "test_ap": 0.025453715915569962, "training_history": {"loss": [0.19706900417804718], "bin_accuracy": [0.9697644710540771], "precision": [0.013273150660097599], "recall": [0.010917493142187595], "val_loss": [0.07000917941331863], "val_bin_accuracy": [0.9832088947296143], "val_precision": [0.0], "val_recall": [0.0]}, "train_loss": 0.19706900417804718, "val_loss": 0.07000917941331863}