{"hyperparams": {"activation": "relu", "convo_type": "gin", "learning_rate": 0.0001, "num_layers": 1, "optimizer": "Adam", "probability": 0.3, "regularization": "DropOut", "units": 64}, "test_loss": 0.1438542604446411, "test_auc": 0.5, "test_bin_accuracy": 0.9683929085731506, "test_precision": 0.0, "test_recall": 0.0, "test_rocauc": 0.4723497943181599, "training_history": {"loss": [0.14928610622882843], "auc": [0.4972817003726959], "bin_accuracy": [0.9655969142913818], "precision": [0.0], "recall": [0.0], "val_loss": [0.14301356673240662], "val_auc": [0.5], "val_bin_accuracy": [0.9683929085731506], "val_precision": [0.0], "val_recall": [0.0]}, "train_loss": 0.14928610622882843, "val_loss": 0.14301356673240662}