{"hyperparams": {"activation": "relu", "convo_type": "gin", "learning_rate": 0.0001, "num_layers": 1, "optimizer": "Adam", "probability": 0.3, "regularization": "DropOut", "units": 64}, "test_loss": 0.14562208950519562, "test_auc_6": 0.5, "test_binary_accuracy": 0.9683929085731506, "test_precision_7": 0.0, "test_recall_7": 0.0, "test_rocauc": 0.5142721952915275, "training_history": {"loss": [0.3543054163455963], "auc_6": [0.5105891823768616], "binary_accuracy": [0.9326525926589966], "precision_7": [0.025806451216340065], "recall_7": [0.03076923079788685], "val_loss": [0.1451009213924408], "val_auc_6": [0.5], "val_binary_accuracy": [0.9683929085731506], "val_precision_7": [0.0], "val_recall_7": [0.0]}, "train_loss": 0.3543054163455963, "val_loss": 0.1451009213924408}