{"hyperparams": {"activation": "relu", "convo_type": "gin", "learning_rate": 0.0001, "num_layers": 1, "optimizer": "Adam", "probability": 0.3, "regularization": "DropOut", "units": 64}, "test_loss": 0.1425664722919464, "test_auc_6": 0.5, "test_binary_accuracy": 0.9683929085731506, "test_precision_7": 0.0, "test_recall_7": 0.0, "test_rocauc": 0.4744606886961895, "training_history": {"loss": [0.3184540569782257], "auc_6": [0.5121338367462158], "binary_accuracy": [0.9316800236701965], "precision_7": [0.025157231837511063], "recall_7": [0.03076923079788685], "val_loss": [0.1424872875213623], "val_auc_6": [0.5], "val_binary_accuracy": [0.9683929085731506], "val_precision_7": [0.0], "val_recall_7": [0.0]}, "train_loss": 0.3184540569782257, "val_loss": 0.1424872875213623}