{"hyperparams": {"activation": "relu", "convo_type": "gin", "learning_rate": 0.0001, "num_layers": 1, "optimizer": "Adam", "probability": 0.3, "regularization": "DropOut", "units": 64}, "test_loss": 0.14198851585388184, "test_acc": [0.5, 0.9683929085731506, 0.0, 0.0], "test_rocauc": 0.5162034801753607, "training_history": {"loss": [0.1494290679693222], "auc": [0.5], "binary_accuracy": [0.9683929085731506], "precision": [0.0], "recall": [0.0], "val_loss": [0.14154814183712006], "val_auc": [0.5], "val_binary_accuracy": [0.9683929085731506], "val_precision": [0.0], "val_recall": [0.0]}, "train_loss": 0.1494290679693222, "val_loss": 0.14154814183712006}