{"hyperparams": {"activation": "relu", "convo_type": "gin", "learning_rate": 0.0001, "num_layers": 1, "optimizer": "Adam", "probability": 0.3, "regularization": "DropOut", "units": 64}, "test_loss": 0.14076940715312958, "test_auc_6": 0.5, "test_binary_accuracy": 0.9683929085731506, "test_precision_7": 0.0, "test_recall_7": 0.0, "test_rocauc": 0.5009984742849418, "training_history": {"loss": [0.2284248024225235], "auc_6": [0.49961376190185547], "binary_accuracy": [0.9681497812271118], "precision_7": [0.0], "recall_7": [0.0], "val_loss": [0.14103782176971436], "val_auc_6": [0.5], "val_binary_accuracy": [0.9683929085731506], "val_precision_7": [0.0], "val_recall_7": [0.0]}, "train_loss": 0.2284248024225235, "val_loss": 0.14103782176971436}