{"hyperparams": {"activation": "relu", "convo_type": "gin", "learning_rate": 0.0001, "num_layers": 1, "optimizer": "Adam", "probability": 0.3, "regularization": "DropOut", "units": 64}, "test_loss": 0.14010801911354065, "test_acc": [0.5, 0.9683929085731506, 0.0, 0.0], "test_rocauc": 0.6019718418663937, "training_history": {"loss": [0.17994748055934906], "auc": [0.49937233328819275], "binary_accuracy": [0.9683929085731506], "precision": [0.0], "recall": [0.0], "val_loss": [0.14124324917793274], "val_auc": [0.5], "val_binary_accuracy": [0.9683929085731506], "val_precision": [0.0], "val_recall": [0.0]}, "train_loss": 0.17994748055934906, "val_loss": 0.14124324917793274}