{"hyperparams": {"activation": "relu", "convo_type": "gcn", "learning_rate": 0.0001, "num_layers": 1, "optimizer": "Adam", "probability": 0.3, "regularization": "GDC", "units": 64}, "test_loss": 0.17119570076465607, "test_auc": 0.5, "test_bin_accuracy": 0.9683929085731506, "test_precision": 0.0, "test_recall": 0.0, "training_history": {"loss": [0.5742579102516174], "auc": [0.5371513366699219], "bin_accuracy": [0.8740578889846802], "precision": [0.04883721098303795], "recall": [0.16153846681118011], "val_loss": [0.17081086337566376], "val_auc": [0.5], "val_bin_accuracy": [0.9683929085731506], "val_precision": [0.0], "val_recall": [0.0]}, "train_loss": 0.5742579102516174, "val_loss": 0.17081086337566376, "test_rocauc": 0.41986133374534074}