{"hyperparams": {"activation": "relu", "convo_type": "gcn", "learning_rate": 0.0001, "num_layers": 1, "optimizer": "Adam", "probability": 0.3, "regularization": "GDC", "units": 64}, "test_loss": 0.13975335657596588, "test_auc": 0.5, "test_bin_accuracy": 0.9683929085731506, "test_precision": 0.0, "test_recall": 0.0, "training_history": {"loss": [0.1405116617679596], "auc": [0.49855637550354004], "bin_accuracy": [0.9674203991889954], "precision": [0.0], "recall": [0.0], "val_loss": [0.13978376984596252], "val_auc": [0.5], "val_bin_accuracy": [0.9683929085731506], "val_precision": [0.0], "val_recall": [0.0]}, "train_loss": 0.1405116617679596, "val_loss": 0.13978376984596252, "test_rocauc": 0.5713155912628672}