{"hyperparams": {"activation": "relu", "convo_type": "gin", "learning_rate": 0.0001, "num_layers": 1, "optimizer": "Adam", "probability": 0.3, "regularization": "NodeSampling", "units": 32}, "test_loss": 5.562196254730225, "test_MAE": 1.8140745162963867, "training_history": {"loss": [5.718508243560791], "MAE": [1.8754594326019287], "val_loss": [5.6826934814453125], "val_MAE": [1.7929185628890991]}, "train_loss": 5.718508243560791, "val_loss": 5.6826934814453125}