{"hyperparams": {"activation": "relu", "convo_type": "gin", "learning_rate": 0.0001, "num_layers": 1, "optimizer": "Adam", "probability": 0.3, "regularization": "NodeSampling", "units": 32}, "test_loss": 21.929716110229492, "test_MAE": 4.166403293609619, "training_history": {"loss": [22.507095336914062], "MAE": [4.228011608123779], "val_loss": [21.955425262451172], "val_MAE": [4.175165176391602]}, "train_loss": 22.507095336914062, "val_loss": 21.955425262451172}