{"hyperparams": {"activation": "relu", "convo_type": "gin", "learning_rate": 0.0001, "num_layers": 1, "optimizer": "Adam", "probability": 0.3, "regularization": "NodeSampling", "units": 32}, "test_loss": 5.793420314788818, "test_MAE": 1.9632813930511475, "training_history": {"loss": [5.985195636749268], "MAE": [3.1152873039245605], "val_loss": [5.709549903869629], "val_MAE": [1.9409444332122803]}, "train_loss": 5.985195636749268, "val_loss": 5.709549903869629}