{"hyperparams": {"activation": "relu", "convo_type": "gin", "learning_rate": 0.0001, "num_layers": 1, "optimizer": "Adam", "probability": 0.3, "regularization": "NodeSampling", "units": 32}, "test_loss": 0.17787648737430573, "test_auc_6": 0.5, "test_binary_accuracy": 0.9683929085731506, "test_precision_7": 0.0, "test_recall_7": 0.0, "test_rocauc": 0.5798267637459201, "training_history": {"loss": [0.38062986731529236], "auc_6": [0.520089864730835], "binary_accuracy": [0.9596401453018188], "precision_7": [0.05000000074505806], "recall_7": [0.015384615398943424], "val_loss": [0.18058443069458008], "val_auc_6": [0.5], "val_binary_accuracy": [0.9683929085731506], "val_precision_7": [0.0], "val_recall_7": [0.0]}, "train_loss": 0.38062986731529236, "val_loss": 0.18058443069458008}