{"hyperparams": {"activation": "relu", "convo_type": "gin", "learning_rate": 0.0001, "num_layers": 1, "optimizer": "Adam", "probability": 0.3, "regularization": "NodeSampling", "units": 32}, "test_loss": 0.18355128169059753, "test_auc": 0.5, "test_bin_accuracy": 0.9683929085731506, "test_precision": 0.0, "test_recall": 0.0, "test_rocauc": 0.5487939125900463, "training_history": {"loss": [0.36696702241897583], "auc": [0.5222225785255432], "bin_accuracy": [0.95939701795578], "precision": [0.03750000149011612], "recall": [0.011538461782038212], "val_loss": [0.18198838829994202], "val_auc": [0.5], "val_bin_accuracy": [0.9683929085731506], "val_precision": [0.0], "val_recall": [0.0]}, "train_loss": 0.36696702241897583, "val_loss": 0.18198838829994202}