{"hyperparams": {"activation": "relu", "convo_type": "gin", "learning_rate": 0.0001, "num_layers": 1, "optimizer": "Adam", "probability": 0.3, "regularization": "NodeSampling", "units": 32}, "test_loss": 0.8045299649238586, "test_acc": [0.4598804712295532, 0.9676635265350342, 0.0, 0.0], "test_rocauc": 0.4499314393866239, "training_history": {"loss": [2.2220749855041504], "auc": [0.49920454621315], "binary_accuracy": [0.5382932424545288], "precision": [0.03151483088731766], "recall": [0.45769229531288147], "val_loss": [0.8053768873214722], "val_auc": [0.4757893979549408], "val_binary_accuracy": [0.9683929085731506], "val_precision": [0.5], "val_recall": [0.007692307699471712]}, "train_loss": 2.2220749855041504, "val_loss": 0.8053768873214722}