{"hyperparams": {"activation": "relu", "convo_type": "gin", "learning_rate": 0.0001, "num_layers": 1, "optimizer": "Adam", "probability": 0.3, "regularization": "NodeSampling", "units": 32}, "test_loss": 0.14591293036937714, "test_auc_6": 0.5, "test_binary_accuracy": 0.9683929085731506, "test_precision_7": 0.0, "test_recall_7": 0.0, "test_rocauc": 0.5165781494428243, "training_history": {"loss": [0.17899645864963531], "auc_6": [0.5], "binary_accuracy": [0.9683929085731506], "precision_7": [0.0], "recall_7": [0.0], "val_loss": [0.14287292957305908], "val_auc_6": [0.5], "val_binary_accuracy": [0.9683929085731506], "val_precision_7": [0.0], "val_recall_7": [0.0]}, "train_loss": 0.17899645864963531, "val_loss": 0.14287292957305908}