{"hyperparams": {"activation": "relu", "convo_type": "gin", "learning_rate": 0.0001, "num_layers": 1, "optimizer": "Adam", "probability": 0.3, "regularization": "NodeSampling", "units": 32}, "test_loss": 0.18652445077896118, "test_auc_6": 0.5, "test_binary_accuracy": 0.9683929085731506, "test_precision_7": 0.0, "test_recall_7": 0.0, "test_rocauc": 0.4964387106742115, "training_history": {"loss": [0.5708328485488892], "auc_6": [0.541526734828949], "binary_accuracy": [0.8773401379585266], "precision_7": [0.05149700492620468], "recall_7": [0.16538462042808533], "val_loss": [0.1886250525712967], "val_auc_6": [0.5], "val_binary_accuracy": [0.9683929085731506], "val_precision_7": [0.0], "val_recall_7": [0.0]}, "train_loss": 0.5708328485488892, "val_loss": 0.1886250525712967}