{"hyperparams": {"activation": "relu", "convo_type": "gin", "learning_rate": 0.0001, "num_layers": 1, "optimizer": "Adam", "probability": 0.3, "regularization": "NodeSampling", "units": 32}, "test_loss": 0.24912802875041962, "test_auc": 0.5, "test_bin_accuracy": 0.9683929085731506, "test_precision": 0.0, "test_recall": 0.0, "test_rocauc": 0.4816296181849785, "training_history": {"loss": [1.1835631132125854], "auc": [0.5181880593299866], "bin_accuracy": [0.7555312514305115], "precision": [0.037506602704524994], "recall": [0.2730769217014313], "val_loss": [0.24812395870685577], "val_auc": [0.5], "val_bin_accuracy": [0.9683929085731506], "val_precision": [0.0], "val_recall": [0.0]}, "train_loss": 1.1835631132125854, "val_loss": 0.24812395870685577}