{"hyperparams": {"activation": "relu", "convo_type": "gin", "learning_rate": 0.0001, "num_layers": 1, "optimizer": "Adam", "probability": 0.3, "regularization": "NodeSampling", "units": 32}, "test_loss": 0.143413707613945, "test_acc": [0.5, 0.9683929085731506, 0.0, 0.0], "test_rocauc": 0.5468645589910968, "training_history": {"loss": [0.14533980190753937], "auc": [0.49340754747390747], "binary_accuracy": [0.96802818775177], "precision": [0.0], "recall": [0.0], "val_loss": [0.14557743072509766], "val_auc": [0.5], "val_binary_accuracy": [0.9683929085731506], "val_precision": [0.0], "val_recall": [0.0]}, "train_loss": 0.14533980190753937, "val_loss": 0.14557743072509766}