{"hyperparams": {"activation": "relu", "convo_type": "gin", "learning_rate": 0.0001, "num_layers": 1, "optimizer": "Adam", "probability": 0.3, "regularization": "NodeSampling", "units": 32}, "test_loss": 0.17375598847866058, "test_acc": [0.5, 0.9683929085731506, 0.0, 0.0], "test_rocauc": 0.5459278858224377, "training_history": {"loss": [0.52192223072052], "auc": [0.5411642789840698], "binary_accuracy": [0.8946024775505066], "precision": [0.04223227873444557], "recall": [0.10769230872392654], "val_loss": [0.17142298817634583], "val_auc": [0.5], "val_binary_accuracy": [0.9683929085731506], "val_precision": [0.0], "val_recall": [0.0]}, "train_loss": 0.52192223072052, "val_loss": 0.17142298817634583}