{"hyperparams": {"activation": "relu", "convo_type": "gin", "learning_rate": 0.0001, "num_layers": 1, "optimizer": "Adam", "probability": 0.3, "regularization": "NodeSampling", "units": 32}, "test_loss": 0.3726673424243927, "test_auc": 0.5, "test_bin_accuracy": 0.9683929085731506, "test_precision": 0.0, "test_recall": 0.0, "test_rocauc": 0.5253288012514725, "training_history": {"loss": [0.8141966462135315], "auc": [0.5262436866760254], "bin_accuracy": [0.8294432163238525], "precision": [0.04678826406598091], "recall": [0.22692307829856873], "val_loss": [0.3725932240486145], "val_auc": [0.5], "val_bin_accuracy": [0.9683929085731506], "val_precision": [0.0], "val_recall": [0.0]}, "train_loss": 0.8141966462135315, "val_loss": 0.3725932240486145}