{"hyperparams": {"activation": "relu", "convo_type": "gin", "learning_rate": 0.0001, "num_layers": 1, "optimizer": "Adam", "probability": 0.3, "regularization": "DropOut", "units": 32}, "test_loss": 0.0684828907251358, "test_binary_accuracy": 0.9832088947296143, "test_precision": 0.0, "test_recall": 0.0, "test_ap": 0.02650723023619456, "training_history": {"loss": [0.18969407677650452], "binary_accuracy": [0.9634034633636475], "precision": [0.01735672540962696], "recall": [0.021208861842751503], "val_loss": [0.06846039742231369], "val_binary_accuracy": [0.9832088947296143], "val_precision": [0.0], "val_recall": [0.0]}, "train_loss": 0.18969407677650452, "val_loss": 0.06846039742231369}