{"hyperparams": {"activation": "relu", "convo_type": "gin", "learning_rate": 0.0001, "num_layers": 1, "optimizer": "Adam", "probability": 0.3, "regularization": "DropOut", "units": 32}, "test_loss": 0.0682607889175415, "test_bin_accuracy": 0.9832082986831665, "test_precision": 0.0, "test_recall": 0.0, "test_ap": 0.02720953618680569, "training_history": {"loss": [0.1727593094110489], "bin_accuracy": [0.9679512977600098], "precision": [0.015862276777625084], "recall": [0.014885886572301388], "val_loss": [0.06833413988351822], "val_bin_accuracy": [0.9832082986831665], "val_precision": [0.0], "val_recall": [0.0]}, "train_loss": 0.1727593094110489, "val_loss": 0.06833413988351822}