{"hyperparams": {"activation": "relu", "convo_type": "gin", "learning_rate": 0.0001, "num_layers": 1, "optimizer": "Adam", "probability": 0.3, "regularization": "DropOut", "units": 32}, "test_loss": 0.06862551718950272, "test_binary_accuracy": 0.9832088947296143, "test_precision": 0.0, "test_recall": 0.0, "test_ap": 0.024663834811709272, "training_history": {"loss": [0.1482580453157425], "binary_accuracy": [0.964927613735199], "precision": [0.01020375732332468], "recall": [0.011340787634253502], "val_loss": [0.06852772831916809], "val_binary_accuracy": [0.9832088947296143], "val_precision": [0.0], "val_recall": [0.0]}, "train_loss": 0.1482580453157425, "val_loss": 0.06852772831916809}