{"hyperparams": {"activation": "relu", "convo_type": "gin", "learning_rate": 0.0001, "num_layers": 1, "optimizer": "Adam", "probability": 0.3, "regularization": "DropOut", "units": 32}, "test_loss": 0.06873717159032822, "test_binary_accuracy": 0.9832088947296143, "test_precision": 0.0, "test_recall": 0.0, "test_ap": 0.026007258485778936, "training_history": {"loss": [0.17220661044120789], "binary_accuracy": [0.9720239043235779], "precision": [0.01455012895166874], "recall": [0.009982715360820293], "val_loss": [0.06875371932983398], "val_binary_accuracy": [0.9832088947296143], "val_precision": [0.0], "val_recall": [0.0]}, "train_loss": 0.17220661044120789, "val_loss": 0.06875371932983398}