{"hyperparams": {"activation": "relu", "convo_type": "gin", "learning_rate": 0.0001, "num_layers": 1, "optimizer": "Adam", "probability": 0.3, "regularization": "DropOut", "units": 32}, "test_loss": 0.06845429539680481, "test_acc": [0.9832085967063904, 0.0, 0.0], "test_ap": 0.02597238824654229, "training_history": {"loss": [0.17824722826480865], "binary_accuracy": [0.9461665153503418], "precision_2": [0.023816775530576706], "recall_2": [0.055169492959976196], "val_loss": [0.0684562623500824], "val_binary_accuracy": [0.9832088947296143], "val_precision_2": [0.0], "val_recall_2": [0.0]}, "train_loss": 0.17824722826480865, "val_loss": 0.0684562623500824}