{"hyperparams": {"activation": "relu", "convo_type": "gin", "learning_rate": 0.0001, "num_layers": 1, "optimizer": "Adam", "probability": 0.3, "regularization": "DropOut", "units": 32}, "test_loss": 0.06827139109373093, "test_acc": [0.9832088947296143, 0.0, 0.0], "test_ap": 0.025999063277132757, "training_history": {"loss": [0.1559576839208603], "binary_accuracy": [0.9758094549179077], "precision_2": [0.011400747112929821], "recall_2": [0.005141275003552437], "val_loss": [0.06821469217538834], "val_binary_accuracy": [0.9832088947296143], "val_precision_2": [0.0], "val_recall_2": [0.0]}, "train_loss": 0.1559576839208603, "val_loss": 0.06821469217538834}