{"hyperparams": {"activation": "relu", "convo_type": "gin", "learning_rate": 0.0001, "num_layers": 1, "optimizer": "Adam", "probability": 0.3, "regularization": "DropOut", "units": 32}, "test_loss": 0.06832920759916306, "test_acc": [0.9832088947296143, 0.0, 0.0], "test_ap": 0.0275749719219759, "training_history": {"loss": [0.17508737742900848], "binary_accuracy": [0.9717862606048584], "precision_2": [0.014598356559872627], "recall_2": [0.01022963784635067], "val_loss": [0.06821959465742111], "val_binary_accuracy": [0.9832088947296143], "val_precision_2": [0.0], "val_recall_2": [0.0]}, "train_loss": 0.17508737742900848, "val_loss": 0.06821959465742111}