{"hyperparams": {"activation": "relu", "convo_type": "gin", "learning_rate": 0.0001, "num_layers": 1, "optimizer": "Adam", "probability": 0.3, "regularization": "DropOut", "units": 32}, "test_loss": 0.06864382326602936, "test_bin_accuracy": 0.9832088947296143, "test_precision": 0.0, "test_recall": 0.0, "test_ap": 0.025958863616550216, "training_history": {"loss": [0.167011097073555], "bin_accuracy": [0.9674049019813538], "precision": [0.01708504557609558], "recall": [0.01664961688220501], "val_loss": [0.06867842376232147], "val_bin_accuracy": [0.9832088947296143], "val_precision": [0.0], "val_recall": [0.0]}, "train_loss": 0.167011097073555, "val_loss": 0.06867842376232147}