{"hyperparams": {"activation": "relu", "convo_type": "gin", "learning_rate": 0.0001, "num_layers": 1, "optimizer": "Adam", "probability": 0.3, "regularization": "DropOut", "units": 32}, "test_loss": 0.06873165816068649, "test_bin_accuracy": 0.9832088947296143, "test_precision": 0.0, "test_recall": 0.0, "test_ap": 0.02582479435631516, "training_history": {"loss": [0.17284756898880005], "bin_accuracy": [0.9739471077919006], "precision": [0.014061965979635715], "recall": [0.00798088125884533], "val_loss": [0.06868527829647064], "val_bin_accuracy": [0.9832088947296143], "val_precision": [0.0], "val_recall": [0.0]}, "train_loss": 0.17284756898880005, "val_loss": 0.06868527829647064}