{"hyperparams": {"activation": "relu", "convo_type": "gcn", "learning_rate": 0.0001, "num_layers": 1, "optimizer": "Adam", "probability": 0.3, "regularization": "DropEdge", "units": 32}, "test_loss": 0.1426893025636673, "test_auc": 0.5, "test_bin_accuracy": 0.9683929085731506, "test_precision": 0.0, "test_recall": 0.0, "training_history": {"loss": [0.15499843657016754], "auc": [0.5], "bin_accuracy": [0.9683929085731506], "precision": [0.0], "recall": [0.0], "val_loss": [0.14252376556396484], "val_auc": [0.5], "val_bin_accuracy": [0.9683929085731506], "val_precision": [0.0], "val_recall": [0.0]}, "train_loss": 0.15499843657016754, "val_loss": 0.14252376556396484, "test_rocauc": 0.45808918673593535}