{"hyperparams": {"activation": "relu", "convo_type": "gin", "learning_rate": 0.0001, "num_layers": 1, "optimizer": "Adam", "probability": 0.3, "regularization": "DropOut", "units": 32}, "test_loss": 0.15188494324684143, "test_auc_6": 0.5, "test_binary_accuracy": 0.9683929085731506, "test_precision_7": 0.0, "test_recall_7": 0.0, "test_rocauc": 0.4980880279650052, "training_history": {"loss": [0.2669229507446289], "auc_6": [0.514967679977417], "binary_accuracy": [0.8729637861251831], "precision_7": [0.027677496895194054], "recall_7": [0.08846154063940048], "val_loss": [0.15054278075695038], "val_auc_6": [0.5], "val_binary_accuracy": [0.9683929085731506], "val_precision_7": [0.0], "val_recall_7": [0.0]}, "train_loss": 0.2669229507446289, "val_loss": 0.15054278075695038}