{"hyperparams": {"activation": "relu", "convo_type": "gin", "learning_rate": 0.0001, "num_layers": 1, "optimizer": "Adam", "probability": 0.3, "regularization": "DropOut", "units": 32}, "test_loss": 0.171607106924057, "test_auc": 0.5, "test_bin_accuracy": 0.9683929085731506, "test_precision": 0.0, "test_recall": 0.0, "test_rocauc": 0.4476138975260241, "training_history": {"loss": [0.34673169255256653], "auc": [0.49178022146224976], "bin_accuracy": [0.9640165567398071], "precision": [0.0], "recall": [0.0], "val_loss": [0.17079892754554749], "val_auc": [0.5], "val_bin_accuracy": [0.9683929085731506], "val_precision": [0.0], "val_recall": [0.0]}, "train_loss": 0.34673169255256653, "val_loss": 0.17079892754554749}