{"hyperparams": {"activation": "relu", "convo_type": "gin", "learning_rate": 0.0001, "num_layers": 1, "optimizer": "Adam", "probability": 0.3, "regularization": "DropOut", "units": 32}, "test_loss": 0.15701793134212494, "test_acc": [0.5, 0.9683929085731506, 0.0, 0.0], "test_rocauc": 0.45624674095675855, "training_history": {"loss": [0.2516723871231079], "auc_5": [0.5], "binary_accuracy": [0.9683929085731506], "precision_5": [0.0], "recall_5": [0.0], "val_loss": [0.1567966789007187], "val_auc_5": [0.5], "val_binary_accuracy": [0.9683929085731506], "val_precision_5": [0.0], "val_recall_5": [0.0]}}