{"hyperparams": {"activation": "relu", "convo_type": "gin", "learning_rate": 0.0001, "num_layers": 1, "optimizer": "Adam", "probability": 0.3, "regularization": "DropOut", "units": 32}, "test_loss": 0.23961423337459564, "test_acc": [0.5, 0.9683929085731506, 0.0, 0.0], "test_rocauc": 0.4867938739643485, "training_history": {"loss": [1.0814785957336426], "auc_5": [0.5175720453262329], "binary_accuracy": [0.7535861730575562], "precision_5": [0.037192247807979584], "recall_5": [0.2730769217014313], "val_loss": [0.24138809740543365], "val_auc_5": [0.5], "val_binary_accuracy": [0.9683929085731506], "val_precision_5": [0.0], "val_recall_5": [0.0]}}