{"hyperparams": {"activation": "relu", "convo_type": "gin", "learning_rate": 0.0001, "num_layers": 1, "optimizer": "Adam", "probability": 0.3, "regularization": "DropOut", "units": 32}, "test_loss": 0.1778249740600586, "test_acc": [0.5, 0.9683929085731506, 0.0, 0.0], "test_rocauc": 0.5234573861990383, "training_history": {"loss": [0.4353697896003723], "auc_10": [0.5193697810173035], "binary_accuracy": [0.9242645502090454], "precision_11": [0.03100775182247162], "recall_11": [0.04615384712815285], "val_loss": [0.176473006606102], "val_auc_10": [0.5], "val_binary_accuracy": [0.9683929085731506], "val_precision_11": [0.0], "val_recall_11": [0.0]}}