{"hyperparams": {"activation": "relu", "convo_type": "gin", "learning_rate": 0.0001, "num_layers": 1, "optimizer": "Adam", "probability": 0.3, "regularization": "DropOut", "units": 32}, "test_loss": 0.3907508850097656, "test_acc": [0.5, 0.9683929085731506, 0.0, 0.0], "test_rocauc": 0.5364587960370034, "training_history": {"loss": [0.6625142097473145], "auc_10": [0.5714817047119141], "binary_accuracy": [0.9435935020446777], "precision_11": [0.0446428582072258], "recall_11": [0.03846153989434242], "val_loss": [0.3897887170314789], "val_auc_10": [0.5], "val_binary_accuracy": [0.9683929085731506], "val_precision_11": [0.0], "val_recall_11": [0.0]}}