{"hyperparams": {"activation": "relu", "convo_type": "gin", "learning_rate": 0.0001, "num_layers": 1, "optimizer": "Adam", "probability": 0.3, "regularization": "DropOut", "units": 32}, "test_loss": 0.14108940958976746, "test_acc": [0.5, 0.9683929085731506, 0.0, 0.0], "test_rocauc": 0.5284053380714189, "training_history": {"loss": [0.17702354490756989], "auc_10": [0.5], "binary_accuracy": [0.9683929085731506], "precision_11": [0.0], "recall_11": [0.0], "val_loss": [0.1402362436056137], "val_auc_10": [0.5], "val_binary_accuracy": [0.9683929085731506], "val_precision_11": [0.0], "val_recall_11": [0.0]}}