{"hyperparams": {"activation": "relu", "convo_type": "gin", "learning_rate": 0.0001, "num_layers": 1, "optimizer": "Adam", "probability": 0.3, "regularization": "DropOut", "units": 32}, "test_loss": 0.1442127227783203, "test_acc": [0.5, 0.9683929085731506, 0.0, 0.0], "test_rocauc": 0.4710558334459916, "training_history": {"loss": [0.14425566792488098], "auc": [0.49974894523620605], "binary_accuracy": [0.9683929085731506], "precision": [0.0], "recall": [0.0], "val_loss": [0.14466868340969086], "val_auc": [0.5], "val_binary_accuracy": [0.9683929085731506], "val_precision": [0.0], "val_recall": [0.0]}, "train_loss": 0.14425566792488098, "val_loss": 0.14466868340969086}