{"hyperparams": {"activation": "relu", "convo_type": "gin", "learning_rate": 0.0001, "num_layers": 1, "optimizer": "Adam", "probability": 0.3, "regularization": "DropOut", "units": 32}, "test_loss": 0.22556445002555847, "test_auc_6": 0.5, "test_binary_accuracy": 0.9683929085731506, "test_precision_7": 0.0, "test_recall_7": 0.0, "test_rocauc": 0.5445373607060778, "training_history": {"loss": [0.7298100590705872], "auc_6": [0.5714373588562012], "binary_accuracy": [0.6938974261283875], "precision_7": [0.04658634588122368], "recall_7": [0.446153849363327], "val_loss": [0.225038543343544], "val_auc_6": [0.5], "val_binary_accuracy": [0.9683929085731506], "val_precision_7": [0.0], "val_recall_7": [0.0]}, "train_loss": 0.7298100590705872, "val_loss": 0.225038543343544}