{"hyperparams": {"activation": "relu", "convo_type": "gin", "learning_rate": 0.0001, "num_layers": 1, "optimizer": "Adam", "probability": 0.3, "regularization": "DropOut", "units": 32}, "test_loss": 0.524541437625885, "test_auc": 0.49471694231033325, "test_bin_accuracy": 0.9628008604049683, "test_precision": 0.0, "test_recall": 0.0, "test_rocauc": 0.5322543888448985, "training_history": {"loss": [1.6962997913360596], "auc": [0.5022194981575012], "bin_accuracy": [0.6356673836708069], "precision": [0.03277569264173508], "recall": [0.3692307770252228], "val_loss": [0.5255692005157471], "val_auc": [0.5024296045303345], "val_bin_accuracy": [0.9632871150970459], "val_precision": [0.043478261679410934], "val_recall": [0.007692307699471712]}, "train_loss": 1.6962997913360596, "val_loss": 0.5255692005157471}