{"hyperparams": {"activation": "relu", "convo_type": "gin", "learning_rate": 0.0001, "num_layers": 1, "optimizer": "Adam", "probability": 0.3, "regularization": "DropOut", "units": 32}, "test_loss": 0.9017705321311951, "test_auc_6": 0.5576218366622925, "test_binary_accuracy": 0.7787503004074097, "test_precision_7": 0.02784503623843193, "test_recall_7": 0.17692308127880096, "test_rocauc": 0.5123862956024643, "training_history": {"loss": [2.1480064392089844], "auc_6": [0.4987955689430237], "binary_accuracy": [0.5204230546951294], "precision_7": [0.032004065811634064], "recall_7": [0.48461538553237915], "val_loss": [0.9024081230163574], "val_auc_6": [0.5384219884872437], "val_binary_accuracy": [0.7855579853057861], "val_precision_7": [0.02525252476334572], "val_recall_7": [0.1538461595773697]}, "train_loss": 2.1480064392089844, "val_loss": 0.9024081230163574}