{"hyperparams": {"activation": "relu", "convo_type": "gin", "learning_rate": 0.0001, "num_layers": 1, "optimizer": "Adam", "probability": 0.3, "regularization": "DropOut", "units": 32}, "test_loss": 0.31707245111465454, "test_acc": [0.4994978606700897, 0.9683929085731506, 0.0, 0.0], "test_rocauc": 0.4613202263465884, "training_history": {"loss": [0.9390624165534973], "auc": [0.5171254277229309], "binary_accuracy": [0.7716994881629944], "precision": [0.03981797397136688], "recall": [0.26923078298568726], "val_loss": [0.3184150755405426], "val_auc": [0.49849361181259155], "val_binary_accuracy": [0.967906653881073], "val_precision": [0.0], "val_recall": [0.0]}, "train_loss": 0.9390624165534973, "val_loss": 0.3184150755405426}