{"hyperparams": {"activation": "relu", "convo_type": "gin", "learning_rate": 0.0001, "num_layers": 1, "optimizer": "Adam", "probability": 0.3, "regularization": "DropOut", "units": 32}, "test_loss": 0.1898587942123413, "test_acc": [0.5, 0.9683929085731506, 0.0, 0.0], "test_rocauc": 0.4466608084358523, "training_history": {"loss": [0.5005703568458557], "auc": [0.5552290081977844], "binary_accuracy": [0.8439095616340637], "precision": [0.03113553114235401], "recall": [0.13076923787593842], "val_loss": [0.18856017291545868], "val_auc": [0.5], "val_binary_accuracy": [0.9683929085731506], "val_precision": [0.0], "val_recall": [0.0]}}