{"hyperparams": {"activation": "relu", "convo_type": "gin", "learning_rate": 0.0001, "num_layers": 1, "optimizer": "Adam", "probability": 0.3, "regularization": "DropOut", "units": 32}, "test_loss": 0.13981470465660095, "test_acc": [0.5, 0.9683929085731506, 0.0, 0.0], "test_rocauc": 0.4990922961045984, "training_history": {"loss": [0.147053524851799], "auc": [0.5], "binary_accuracy": [0.9683929085731506], "precision": [0.0], "recall": [0.0], "val_loss": [0.1418473869562149], "val_auc": [0.5], "val_binary_accuracy": [0.9683929085731506], "val_precision": [0.0], "val_recall": [0.0]}, "train_loss": 0.147053524851799, "val_loss": 0.1418473869562149}