{"hyperparams": {"activation": "relu", "convo_type": "gcn", "learning_rate": 0.0001, "num_layers": 1, "optimizer": "Adam", "probability": 0.3, "regularization": "GDC", "units": 32}, "test_loss": 0.3461989164352417, "test_auc": 0.4971127212047577, "test_bin_accuracy": 0.9664478302001953, "test_precision": 0.0, "test_recall": 0.0, "training_history": {"loss": [0.8549777269363403], "auc": [0.5181014537811279], "bin_accuracy": [0.33807438611984253], "precision": [0.034643691033124924], "recall": [0.7423076629638672], "val_loss": [0.34542250633239746], "val_auc": [0.497363805770874], "val_bin_accuracy": [0.966934084892273], "val_precision": [0.0], "val_recall": [0.0]}, "train_loss": 0.8549777269363403, "val_loss": 0.34542250633239746, "test_rocauc": 0.5285907414202669}