{"hyperparams": {"activation": "relu", "convo_type": "gcn", "learning_rate": 0.0001, "num_layers": 1, "optimizer": "Adam", "probability": 0.3, "regularization": "GDC", "units": 32}, "test_loss": 0.3832376301288605, "test_auc": 0.5, "test_bin_accuracy": 0.9683929085731506, "test_precision": 0.0, "test_recall": 0.0, "training_history": {"loss": [0.8107134103775024], "auc": [0.521486759185791], "bin_accuracy": [0.821419894695282], "precision": [0.04583020135760307], "recall": [0.23461538553237915], "val_loss": [0.38295772671699524], "val_auc": [0.5], "val_bin_accuracy": [0.9683929085731506], "val_precision": [0.0], "val_recall": [0.0]}, "train_loss": 0.8107134103775024, "val_loss": 0.38295772671699524, "test_rocauc": 0.5085304853318913}