{"hyperparams": {"activation": "relu", "convo_type": "gcn", "learning_rate": 0.0001, "num_layers": 1, "optimizer": "Adam", "probability": 0.3, "regularization": "GDC", "units": 32}, "test_loss": 1.8369190692901611, "test_auc": 0.5, "test_bin_accuracy": 0.03160709887742996, "test_precision": 0.03160709887742996, "test_recall": 1.0, "training_history": {"loss": [3.0048789978027344], "auc": [0.5], "bin_accuracy": [0.5], "precision": [0.03160709887742996], "recall": [0.5], "val_loss": [1.8360705375671387], "val_auc": [0.5], "val_bin_accuracy": [0.03160709887742996], "val_precision": [0.03160709887742996], "val_recall": [1.0]}, "train_loss": 3.0048789978027344, "val_loss": 1.8360705375671387, "test_rocauc": 0.5627416520210896}