{"hyperparams": {"activation": "relu", "convo_type": "gcn", "learning_rate": 0.0001, "num_layers": 1, "optimizer": "Adam", "probability": 0.5, "regularization": "GDC", "units": 32}, "test_loss": 0.39014723896980286, "test_auc": 0.49887019395828247, "test_bin_accuracy": 0.9681497812271118, "test_precision": 0.0, "test_recall": 0.0, "training_history": {"loss": [0.9116501212120056], "auc": [0.5248925685882568], "bin_accuracy": [0.7873814702033997], "precision": [0.04240934178233147], "recall": [0.26538461446762085], "val_loss": [0.3914835751056671], "val_auc": [0.4978659152984619], "val_bin_accuracy": [0.9683929085731506], "val_precision": [0.0], "val_recall": [0.0]}, "train_loss": 0.9116501212120056, "val_loss": 0.3914835751056671, "test_rocauc": 0.5973444832847293}