{"hyperparams": {"activation": "relu", "convo_type": "gcn", "learning_rate": 0.0001, "num_layers": 1, "optimizer": "Adam", "probability": 0.5, "regularization": "GDC", "units": 64}, "test_loss": 0.14126121997833252, "test_auc": 0.5, "test_bin_accuracy": 0.9683929085731506, "test_precision": 0.0, "test_recall": 0.0, "training_history": {"loss": [0.21881435811519623], "auc": [0.4983680546283722], "bin_accuracy": [0.9682713150978088], "precision": [0.0], "recall": [0.0], "val_loss": [0.14101393520832062], "val_auc": [0.5], "val_bin_accuracy": [0.9683929085731506], "val_precision": [0.0], "val_recall": [0.0]}, "train_loss": 0.21881435811519623, "val_loss": 0.14101393520832062, "test_rocauc": 0.48253442515305434}