{"hyperparams": {"activation": "relu", "convo_type": "gcn", "learning_rate": 0.0001, "num_layers": 1, "optimizer": "Adam", "probability": 0.5, "regularization": "GDC", "units": 64}, "test_loss": 0.15286162495613098, "test_auc": 0.5, "test_bin_accuracy": 0.9683929085731506, "test_precision": 0.0, "test_recall": 0.0, "training_history": {"loss": [0.3296525180339813], "auc": [0.5160849690437317], "bin_accuracy": [0.9573304057121277], "precision": [0.04040404036641121], "recall": [0.015384615398943424], "val_loss": [0.15192167460918427], "val_auc": [0.5], "val_bin_accuracy": [0.9683929085731506], "val_precision": [0.0], "val_recall": [0.0]}, "train_loss": 0.3296525180339813, "val_loss": 0.15192167460918427, "test_rocauc": 0.5821124394059368}