{"hyperparams": {"activation": "relu", "convo_type": "gcn", "learning_rate": 0.0001, "num_layers": 1, "optimizer": "Adam", "probability": 0.5, "regularization": "GDC", "units": 64}, "test_loss": 0.1442432999610901, "test_auc": 0.5, "test_bin_accuracy": 0.9683929085731506, "test_precision": 0.0, "test_recall": 0.0, "training_history": {"loss": [0.2741505801677704], "auc": [0.5028773546218872], "bin_accuracy": [0.9658400416374207], "precision": [0.043478261679410934], "recall": [0.003846153849735856], "val_loss": [0.14490239322185516], "val_auc": [0.5], "val_bin_accuracy": [0.9683929085731506], "val_precision": [0.0], "val_recall": [0.0]}, "train_loss": 0.2741505801677704, "val_loss": 0.14490239322185516, "test_rocauc": 0.5885880376214296}