{"hyperparams": {"activation": "relu", "convo_type": "gcn", "learning_rate": 0.0001, "num_layers": 1, "optimizer": "Adam", "probability": 0.3, "regularization": "NodeSampling", "units": 64}, "test_loss": 0.14643919467926025, "test_auc": 0.5, "test_bin_accuracy": 0.9683929085731506, "test_precision": 0.0, "test_recall": 0.0, "training_history": {"loss": [0.181492418050766], "auc": [0.5], "bin_accuracy": [0.9683929085731506], "precision": [0.0], "recall": [0.0], "val_loss": [0.14515675604343414], "val_auc": [0.5], "val_bin_accuracy": [0.9683929085731506], "val_precision": [0.0], "val_recall": [0.0]}, "train_loss": 0.181492418050766, "val_loss": 0.14515675604343414, "test_rocauc": 0.5183974198033953}