{"hyperparams": {"activation": "relu", "convo_type": "gcn", "learning_rate": 0.0001, "num_layers": 1, "optimizer": "Adam", "probability": 0.3, "regularization": "NodeSampling", "units": 64}, "test_loss": 0.2778342664241791, "test_auc": 0.5, "test_bin_accuracy": 0.9683929085731506, "test_precision": 0.0, "test_recall": 0.0, "training_history": {"loss": [0.67519611120224], "auc": [0.5289303660392761], "bin_accuracy": [0.863238513469696], "precision": [0.05088265985250473], "recall": [0.1884615421295166], "val_loss": [0.2758835256099701], "val_auc": [0.5], "val_bin_accuracy": [0.9683929085731506], "val_precision": [0.0], "val_recall": [0.0]}, "train_loss": 0.67519611120224, "val_loss": 0.2758835256099701, "test_rocauc": 0.4583614979045559}