{"hyperparams": {"activation": "relu", "convo_type": "gcn", "learning_rate": 0.0001, "num_layers": 1, "optimizer": "Adam", "probability": 0.7, "regularization": "DropOut", "units": 64}, "test_loss": 0.248421773314476, "test_auc": 0.5, "test_bin_accuracy": 0.9683929085731506, "test_precision": 0.0, "test_recall": 0.0, "training_history": {"loss": [0.45343634486198425], "auc": [0.5024369955062866], "bin_accuracy": [0.9676635265350342], "precision": [0.0], "recall": [0.0], "val_loss": [0.2519949674606323], "val_auc": [0.5], "val_bin_accuracy": [0.9683929085731506], "val_precision": [0.0], "val_recall": [0.0]}, "train_loss": 0.45343634486198425, "val_loss": 0.2519949674606323, "test_rocauc": 0.4909036481971456}