{"hyperparams": {"activation": "relu", "convo_type": "gcn", "learning_rate": 0.0001, "num_layers": 1, "optimizer": "Adam", "probability": 0.7, "regularization": "DropOut", "units": 64}, "test_loss": 0.28489863872528076, "test_auc": 0.5, "test_bin_accuracy": 0.9683929085731506, "test_precision": 0.0, "test_recall": 0.0, "training_history": {"loss": [0.5116539001464844], "auc": [0.515662670135498], "bin_accuracy": [0.9652321934700012], "precision": [0.0357142873108387], "recall": [0.003846153849735856], "val_loss": [0.28517669439315796], "val_auc": [0.5], "val_bin_accuracy": [0.9683929085731506], "val_precision": [0.0], "val_recall": [0.0]}, "train_loss": 0.5116539001464844, "val_loss": 0.28517669439315796, "test_rocauc": 0.5203287046872284}