{"hyperparams": {"activation": "relu", "convo_type": "gcn", "learning_rate": 0.0001, "num_layers": 1, "optimizer": "Adam", "probability": 0.3, "regularization": "DropEdge", "units": 64}, "test_loss": 0.14172202348709106, "test_auc": 0.5, "test_bin_accuracy": 0.9683929085731506, "test_precision": 0.0, "test_recall": 0.0, "training_history": {"loss": [0.2117571085691452], "auc": [0.4993494153022766], "bin_accuracy": [0.9670556783676147], "precision": [0.0], "recall": [0.0], "val_loss": [0.14150971174240112], "val_auc": [0.5], "val_bin_accuracy": [0.9683929085731506], "val_precision": [0.0], "val_recall": [0.0]}, "train_loss": 0.2117571085691452, "val_loss": 0.14150971174240112, "test_rocauc": 0.5218804920913884}