{"hyperparams": {"activation": "relu", "convo_type": "gcn", "learning_rate": 0.0001, "num_layers": 1, "optimizer": "Adam", "probability": 0.3, "regularization": "DropEdge", "units": 64}, "test_loss": 0.15874816477298737, "test_auc": 0.5, "test_bin_accuracy": 0.9683929085731506, "test_precision": 0.0, "test_recall": 0.0, "training_history": {"loss": [0.3352775573730469], "auc": [0.49008432030677795], "bin_accuracy": [0.9619499444961548], "precision": [0.0], "recall": [0.0], "val_loss": [0.15774178504943848], "val_auc": [0.5], "val_bin_accuracy": [0.9683929085731506], "val_precision": [0.0], "val_recall": [0.0]}, "train_loss": 0.3352775573730469, "val_loss": 0.15774178504943848, "test_rocauc": 0.4804747098244462}