{"hyperparams": {"activation": "relu", "convo_type": "gcn", "learning_rate": 0.0001, "num_layers": 1, "optimizer": "Adam", "probability": 0.3, "regularization": "DropEdge", "units": 64}, "test_loss": 0.1416507065296173, "test_auc": 0.5, "test_bin_accuracy": 0.9683929085731506, "test_precision": 0.0, "test_recall": 0.0, "training_history": {"loss": [0.2689856290817261], "auc": [0.49924176931381226], "bin_accuracy": [0.9634087085723877], "precision": [0.04444444552063942], "recall": [0.007692307699471712], "val_loss": [0.14287245273590088], "val_auc": [0.5], "val_bin_accuracy": [0.9683929085731506], "val_precision": [0.0], "val_recall": [0.0]}, "train_loss": 0.2689856290817261, "val_loss": 0.14287245273590088, "test_rocauc": 0.5908611599297012}