{"hyperparams": {"activation": "relu", "convo_type": "gcn", "learning_rate": 0.0001, "num_layers": 1, "optimizer": "Adam", "probability": 0.5, "regularization": "DropEdge", "units": 64}, "test_loss": 0.18494409322738647, "test_auc": 0.5, "test_bin_accuracy": 0.9683929085731506, "test_precision": 0.0, "test_recall": 0.0, "training_history": {"loss": [0.5801784992218018], "auc": [0.5413184762001038], "bin_accuracy": [0.8746656775474548], "precision": [0.05122235044836998], "recall": [0.16923077404499054], "val_loss": [0.1857256442308426], "val_auc": [0.5], "val_bin_accuracy": [0.9683929085731506], "val_precision": [0.0], "val_recall": [0.0]}, "train_loss": 0.5801784992218018, "val_loss": 0.1857256442308426, "test_rocauc": 0.5374611328917128}