{"hyperparams": {"activation": "relu", "convo_type": "gcn", "learning_rate": 0.0001, "num_layers": 1, "optimizer": "Adam", "probability": 0.5, "regularization": "DropEdge", "units": 64}, "test_loss": 0.1710362285375595, "test_auc": 0.5, "test_bin_accuracy": 0.9683929085731506, "test_precision": 0.0, "test_recall": 0.0, "training_history": {"loss": [0.5896323919296265], "auc": [0.5440798401832581], "bin_accuracy": [0.8721128106117249], "precision": [0.0580357126891613], "recall": [0.20000000298023224], "val_loss": [0.1706538200378418], "val_auc": [0.5], "val_bin_accuracy": [0.9683929085731506], "val_precision": [0.0], "val_recall": [0.0]}, "train_loss": 0.5896323919296265, "val_loss": 0.1706538200378418, "test_rocauc": 0.5979315938894146}